--------------------
K-AH0-N-G
AARGH, ABBS, ABS(1), ABT, ACT, ACTS(1), AD'S, ADDS, ADS, ADS', ADSS, ADZ, AFT, AG'S, AHLF, AL'S, ALF, ALM, ALMS(1), ALS, ALT, AM'S, AMBS, AMP, AMS, AND, AND(1), ANKH, ANN'S, ANNE'S, ANSE, ANT, APPS, APT, ARB, ARC, ARCE, ARCH, ARD, ARES, ARGH, ARK, ARM, ARN, ARNE, ARNN, ARP, ARSE, ART, ARTH, ARVE, ASK, ASKED(1), ASP, ASSED, AST, ATZ, AUNT, AX, AXE, BAARS, BAATZ, BABBS, BABS, BACKED, BACKES, BACKS, BAGGED, BAGGS, BAGS, BAHLS, BALCH, BALK(1), BALM(1), BALMS, BAN'S, BANC, BAND, BANDT, BANFF, BANGE, BANGED, BANGS, BANK, BANKE, BANNED, BANQUE, BANS, BAR'S, BARB, BARBE, BARCH, BARD, BARF, BARG, BARGE, BARK, BARKE, BARN, BARR'S, BARRED, BARRES, BARRS, BARS, BARSCH, BARSH, BART, BARTH, BARTSCH, BARZ, BASHED, BASK, BASQUE, BAST, BATHKE, BATHS, BATS, BATTS, BATZ, BAX, BENZ(1), BLACK'S, BLACKED, BLACKS, BLACKS', BLANC, BLANCH, BLANCHE, BLANCK, BLAND, BLANK, BLANKE, BLASCHKE, BLAST, BLATZ, BLOBS, BLOC'S, BLOCH'S, BLOCK'S, BLOCKED, BLOCKS, BLOCS, BLOND, BLONDE, BLOOD'S, BLOODS, BLOTCH, BLOTS, BLUFFED, BLUFFS, BLUNCK, BLUNK, BLUNT, BLUSHED, BLUST, BOB'S, BOGGED, BOGS, BOMB'S, BOMBED, BOMBS, BOND, BONDE, BONDT, BONK, BONN'S, BONS, BONTE, BOSSED, BOST, BOTCHED, BOTTS, BOTZ, BOX, BOXX, BRAATZ, BRACHT, BRAD'S, BRADT, BRAGGED, BRAGGS, BRAGS, BRAHMS, BRAMS, BRANCH, BRANCHE, BRAND, BRANDE, BRANDT, BRANK, BRANT, BRANZ, BRATS, BRATZ, BROCK'S, BRODT, BRONC, BRONK, BRONS, BRONZE, BROST, BROX, BRUCK'S, BRUCKS, BRUNCH, BRUNK, BRUNKE, BRUNS, BRUNT, BRUSHED, BRUSKE, BRUSQUE, BRUST, BUCHS, BUCK'S, BUCKED, BUCKS, BUCS, BUCS', BUD'S, BUDGED, BUDS, BUDZ, BUFF'S, BUFFS, BUGGED, BUGGS, BUGS, BULB, BULGE, BULK, BULT, BUMMED, BUMP, BUMS, BUNCE, BUNCH, BUNCHE, BUND, BUNDE, BUNGE, BUNK, BUNKE, BUNS, BUNT, BUNTE, BUSED, BUSK, BUSKE, BUSSED, BUST, BUT'S, BUTS, BUTTS, BUTZ, BUZZED, BYARD, CAB'S, CABS, CAC'S, CACHED, CADS, CAEN'S, CAEN'S(1), CALF'S, CALFED, CALL'S(1), CALM(1), CALMED, CALMS, CALVES, CAM'S, CAMP, CAN'S, CAN'T, CANNED, CANNES, CANS, CANT, CAP'S, CAPPED, CAPPS, CAPS, CAQ'S, CAR'S, CARD, CARL, CARLL, CARN, CARNE, CARP, CARR'S, CARS, CARS', CARSE, CART, CARTE, CARVE, CASHED, CASK, CAST, CASTE, CAT'S, CATS, CAUSED, CHAD'S, CHAMP, CHAN'S, CHANCE, CHAND, CHANT, CHAPS, CHARD, CHARGE, CHARLE, CHARM, CHARRED, CHART, CHATS, CHATZ, CHATZ', CHIANG'S, CHOMP, CHOPPED, CHOPS, CHUBB'S, CHUCK'S, CHUCKED, CHUGGED, CHUMP, CHUMS, CHUN'S, CHUNG'S, CHUNK, CLAMMED, CLAMP, CLAMS, CLANK, CLANS, CLAPPED, CLAPS, CLARK, CLARKE, CLASHED, CLASP, CLASSED, CLOCK'S, CLOCKED, CLOCKS, CLOGS, CLONCH, CLOTS, CLUB'S, CLUBBED, CLUBS, CLUCKS, CLUMP, CLUNK, CLUTCHED, CLUTTS, COBBS, COBS, COCKED, COCKS, COIFFED, COM'S, COMES, COMP, COMS, CONCH, CONCH(1), CONDE, CONK, CONNED, CONS, COPPED, COPPS, COPS, COST, COTS, COX, COXE, CRABBED, CRABBS, CRABS, CRACKED, CRACKS, CRAFT, CRAFTS(1), CRAGGS, CRAMMED, CRAMP, CRAMS, CRANCE, CRANK, CRANS, CRAPPS, CRAPS, CRASHED, CRONCE, CRONK, CROP'S, CROPPED, CROPS, CROTTS, CRUMBS, CRUMP, CRUNCH, CRUNK, CRUSHED, CRUST, CRUX, CUBS, CUBS', CUFFED, CUFFS, CULLED, CULP, CULT, CUNT, CUPPS, CUPS, CUSK, CUSP, CUSSED, CUTS, CUTTS, CZAR'S, CZARS, DABBS, DACS, DAD'S, DADS, DAFT, DAGGS, DAHL'S, DAHLKE, DAHMS, DAHNKE, DAM'S, DAMMED, DAMNED, DAMNS, DAMP, DAMS, DAN'S, DANCE, DANK, DANT, DANZ, DARK, DARKE, DARN, DART, DARTH, DARTT, DASHED, DATS, DATZ, DAX, DAX', DHONDT, DOBBS, DOCK'S, DOCKED, DOCKS, DOCS, DODD'S, DODDS, DODGED, DOGS, DOLL'S, DOLLED, DOLLS, DOLS, DOMKE, DON'S, DONDE, DONES, DONNED, DONS, DONZE, DOST, DOTS, DOTTS, DOUG'S, DOVES, DRABBED, DRABS, DRAFT, DRAGGED, DRAGS, DRAMS, DRANK, DRAUGHT, DROPPED, DROPS, DROST, DROSTE(1), DROZD, DRUBBED, DRUG'S, DRUGGED, DRUGS, DRUGS', DRUMMED, DRUMS, DRUNK, DUBBED, DUBBS, DUBS, DUCK'S, DUCKED, DUCKS, DUCKS', DUCT, DUDS, DULCE, DULLED, DUMP, DUN'S, DUNC, DUNK, DUNNED, DUNS, DUSK, DUST, DUX, FAAL'S, FACT, FACTS(1), FADS, FAGS, FALCK, FAN'S, FANGS, FANNED, FANS, FANS', FANT, FAR'S, FARB, FARCE, FARGE, FARM, FART, FARVE(1), FAST, FATS, FAX, FLAGGED, FLAGS, FLANGE, FLANK, FLAPPED, FLAPS, FLASHED, FLASK, FLATS, FLAX, FLOCKED, FLOCKS, FLOODS, FLOPPED, FLOPS, FLUBS, FLUFFED, FLUFFS, FLUNK, FLUSHED, FLUX, FOBBS, FOCHT, FOGG'S, FOGT, FOND, FONS, FONT, FONTE, FONZ, FOX, FOXX, FRANC, FRANCE, FRANCK, FRANCKE, FRANK, FRANKE, FRANS, FRANZ, FRANZE, FRAPH'S, FROCKS, FROG'S, FROGS, FROND, FRONDE, FRONK, FRONT, FRUMP, FRUNZE, FUCK'S, FUCKED, FUCKS, FUDGED, FULK, FUNCK, FUND, FUNG'S, FUNK, FUNKE, FUNS, FUSSED, FUST, GADS, GAFFES, GAGGED, GAGS, GALS, GAMP, GANG'S, GANGE, GANGS, GANS, GANT, GANTT, GANZ, GAP'S, GAPS, GARB, GARBE, GARD, GARDE, GARG, GARL, GARN, GARP, GARS, GARTH, GASHED, GASP, GASSED, GAST, GATZ, GIARD(1), GLANCE, GLAND, GLANZ, GLASSED, GLATZ, GLOBS, GLOVED, GLOVES, GLUCK'S, GLUNT, GLUNZ, GLUTS, GNARL, GNARLE, GNATS, GOBS, GOD'S, GODS, GOLF, GONCE, GOND, GOTTS, GOTZ, GOVS, GRABBED, GRABS, GRADS, GRAFT, GRAHAM'S(1), GRAHAMS, GRAMM'S, GRAMMS, GRAMS, GRAND, GRANDE, GRANDT, GRANT, GRAPHS, GRASP, GRASSED, GRATZ, GROFT, GROTZ, GRUBBS, GRUBS, GRULKE, GRUMP, GRUND, GRUNGE, GRUNT, GUAM'S, GUARD, GULCH, GULF, GULL'S, GULLS, GULP, GUMBS, GUMMED, GUMP, GUMPP, GUMS, GUMZ, GUN'S, GUNN'S, GUNNED, GUNS, GUSHED, GUST, GUSTE, GUTS, HABS, HACKED, HACKS, HAFT, HAFT'S(1), HAFTS(1), HAFTS'(1), HAL'S, HALF'S, HALVED, HALVES, HAMED, HAMMES, HAMP, HAMPE, HAMS, HAN'S, HAN'S(1), HANCE, HAND, HANDS(1), HANF, HANGED, HANGS, HANK, HANKE, HANNES, HANS, HANS(1), HAQ'S, HARB, HARC, HARD, HARDT, HARFF, HARK, HARKE, HARL, HARM, HARN, HARNE, HARP, HARPE, HARSCH, HARSH, HART, HARTE, HARTH, HARTT, HARV, HARVE, HASCHKE, HASHED, HAST, HAT'S, HATCHED, HATS, HATZ, HAVES, HEART, HEARTH, HOBBES(1), HOBBS, HOBS, HOGS, HOMMES, HOMS, HONS, HONSE, HOPF, HOPPED, HOPPES, HOPPS, HOPS, HOTS, HOTZ, HSIUNG'S, HUARD, HUBBS, HUBS, HUCKS, HUD'S, HUFF'S, HUFFED, HUFFS, HUGGED, HUGS, HULCE, HULK, HULL'S, HULLED, HULLS, HULME, HULS, HULSE, HULT, HUMP, HUMPH, HUMS, HUNCH, HUND, HUNDT, HUNK, HUNKE, HUNT, HUNTE, HUSHED, HUSK, HUST, HUT'S, HUTS, HUX, HWAN'S, JABBED, JABS, JACK'S, JACKED, JACKS, JACQUES', JACQUES'(1), JAGGED, JAGS, JAHNKE, JAHNS, JAM'S, JAMMED, JAMS, JAN'S, JANDT, JANK, JANKE, JANS, JANZ, JAPS, JAQUES, JARRED, JARS, JAZZED, JOB'S, JOBS, JOBS', JOCKS, JOGGED, JOGS, JOHN'S, JOHNS, JON'S, JOST, JUDDS, JUDGED, JUGS, JUHNKE, JUMP, JUNDT, JUNK, JUST, JUTS, KAATZ, KAHN'S, KAHR'S, KAHRS, KALB, KALP, KALTHOFF, KAMP, KAMPE, KANDT, KANT, KANZ, KAPPES, KAPS, KARCH, KARCZ, KARG, KARL, KARN, KARP, KARSH, KAST, KATS, KATZ, KEPT(1), KHAN'S, KHARG, KLAN'S, KLANS, KLOMP, KLOPF, KLOTZ, KLUDT, KLUMP, KLUMPP, KLUNDT, KLUNK, KLUTTS, KLUTTZ, KLUTZ, KLUX, KNACKS, KNAGGS, KNAPP'S, KNOBS, KNOCKED, KNOCKS, KNOPF, KNOST, KNOTS, KNOTT'S, KNOTTS, KNOX, KNUST, KNUTS, KOBS, KOHNKE, KOMP, KONZ, KOPPES, KOPS, KOST, KOTZ, KRAATZ, KRACHT, KRAFFT, KRAFT, KRAGT, KRAMMES, KRAMP, KRAMPE, KRANS, KRANZ, KRAPF, KRATZ, KROC'S, KROFT, KRONK, KROPF, KROTZ, KRUPP'S, KRUSCHKE, KRUTZ, KUHNKE, KULP, KUMP, KUNCE, KUNDE, KUNS, KUNZ, KUNZE, KUSKE, KUTZ, KVANT, LAABS, LAB'S, LABS, LABS', LAC'S, LACKED, LACKS, LADD'S, LADS, LAGGED, LAGS, LAMB'S, LAMBS, LAMBS', LAMM'S, LAMP, LAMPE, LAMPP, LANCE, LANCZ, LAND, LANDE, LANDT, LANGE'S, LANK, LANT, LANZ, LAPPED, LAPPS, LAPS, LAPSE, LARCH, LARD, LARGE, LARK, LARKE, LARS, LARSH, LASHED, LASK, LAST, LATCHED, LATS, LATS(1), LATZ, LAUGHED, LAUGHS, LAX, LIAN'S, LOBBED, LOBS, LOCKED, LOCKS, LODGED, LONGE, LONS, LOPPED, LOT'S, LOTS, LOTT'S, LOTTES, LOTTS, LOTZ, LOVE'S, LOVED, LOVES, LOX, LOX(1), LUBKE, LUCHT, LUCKED, LUCKS, LUFFED, LUFT, LUGS, LUKS, LULLED, LULLS, LUMP, LUMPP, LUNCH, LUND, LUNDE, LUNDT, LUNGE, LUNGS, LUNT, LUNZ, LUSK, LUST, LUTZ, LUTZE, LUVS, LUX, MAC'S, MACHT, MACK'S, MACKS, MACS, MAGGS, MAGS, MAHNKE, MAHRT, MAL'S, MAN'S, MANCE, MANDT, MANK, MANKE, MANN'S, MANNED, MANNES, MANNS, MANS, MANTHE, MANZ, MAPPED, MAPS, MARC, MARCH, MARCHE, MARGE, MARJE, MARK, MARKE, MARQUE, MARRED, MARRS, MARS, MARS', MARSCH, MARSE, MARSH, MART, MARTE, MARTH, MARTHE, MARV, MARZ, MASCHKE, MASHED, MASK, MASSED, MAST, MATCHED, MATS, MATT'S, MATTES, MATTS, MATZ, MAVS, MAVS', MAX, MAXX, MERC(1), MOB'S, MOBBED, MOBBS, MOBS, MOCKED, MOCKS, MOHNKE, MOM'S, MOMS, MONDE, MONGE, MONK, MONT, MONTH, MOPPED, MOPPES, MOPS, MOSQUE, MOTS, MOTT'S, MOTTS, MOTZ, MUDS, MUFFS, MUGGED, MUGS, MULCH, MULLED, MULLS, MUM'S, MUMS, MUNCE, MUNCH, MUND, MUNDT, MUNK, MUNNS, MUNS, MUNSCH, MUNT, MUNZ, MUSK, MUSKE, MUST, MUTTS, MUTZ, NABBED, NABS, NAGGED, NAGS, NAN'S, NANCE, NAPPED, NAPS, NARC, NARD, NARES, NARS, NAST, NATS, NODS, NOFFKE, NONCE, NOTCHED, NOTS, NOTZ, NUDGED, NULPH, NUMBED, NUN'S, NUNN'S, NUNS, NUNS', NUT'S, NUTS, OCHS, ODDS, ONCE, ONE'S, ONES, ONES', ONS, OP'S, OPS, OPT, OTTS, OURS(1), OX, PAC'S, PACKED, PACKS, PACS, PACT, PACTS(1), PADS, PAK'S, PAL'S, PALM(1), PALME(1), PALMS, PALS, PAM'S, PAN'S, PANGS, PANNED, PANS, PANT, PAR'S, PARC, PARCH, PARDE, PARK, PARKE, PARS, PARSE, PART, PARTCH, PARTE, PASCH, PASCHKE, PASK, PASQUE, PASSED, PAST, PAT'S, PATCHED, PATHS, PATHS(1), PATS, PATZ, PAX, PFOST, PFUND, PLACK'S, PLAN'S, PLANCK, PLANK, PLANNED, PLANS, PLANS', PLANT, PLANTE, PLAQUES, PLATTS, PLATZ, PLAX, PLOPPED, PLOTS, PLOTTS, PLOTZ, PLUCK'S, PLUCKED, PLUCKS, PLUGGED, PLUGS, PLUM'S, PLUMBED, PLUMP, PLUMS, PLUNGE, PLUNK, POCKED, POCKS, POD'S, PODS, POGS, POMP, PONCE(1), POND, PONS, PONT, PONTE, POP'S, POPPED, POPS, POT'S, POTS, POTTS, POX, PRACHT, PRAGUE'S, PRANCE, PRANK, PRATS, PRATT'S, PRODS, PROFS, PROMS, PROPPED, PROPPS, PROPS, PROST, PROTZ, PRUST, PSALM, PSALMS(1), PUBS, PUFFED, PUFFS, PULP, PULSE, PUMP, PUNCH, PUNDT, PUNK, PUNS, PUNT, PUPS, PUTTS, PUTZ, QUACKS, QUADS, QUALLS, QUALMS, QUANT, QUARK, QUAST, R'S, R.'S, R.S, RAAB'S, RAATZ, RACKED, RACKS, RAFT, RAGS, RALF, RALPH, RAMMED, RAMP, RAMS, RANCE, RANCH, RANCK, RAND, RANK, RANKE, RANS, RANT, RANZ, RAPPED, RAPS, RAPT, RASCHKE, RASK, RASP, RAST, RAT'S, RATS, RATTS, RATZ, RAX, ROB'S, ROBB'S, ROBBED, ROBBS, ROBS, ROCK'S, ROCKED, ROCKS, RODS, ROM'S, ROMP, ROMS, RON'S, RONK, ROPS, ROST, ROTH'S, ROTS, ROTZ, ROUGH'S, ROUGHED, ROX, RUBBED, RUBS, RUCKS, RUGS, RUHNKE, RUMP, RUMPH, RUMS, RUN'S, RUNCK, RUND, RUNDE, RUNGE, RUNGS, RUNK, RUNS, RUNTE, RUSHED, RUSK, RUST, RUTS, RUTTS, RUTZ, RUX, SAAB'S, SAB'S, SACHS, SACHS(1), SACHS', SACHSE, SACKED, SACKS, SACS, SAGGED, SAGS, SAKS, SAL'S, SALVES, SAM'S, SAMMS, SAMP, SAMS, SAND, SANDE, SANDT, SANK, SANNES, SANS, SANT, SANZ, SAPPED, SAPS, SARFF, SARGE, SARK, SARS, SATZ, SAX, SAXE, SCABS, SCADS, SCAGGS, SCAGS, SCALF, SCALP, SCAMMED, SCAMS, SCANNED, SCANS, SCANT, SCARF, SCARFF, SCARP, SCARRED, SCARS, SCHACHT, SCHAMP, SCHANCK, SCHANK, SCHANZ, SCHARDT, SCHARF, SCHARFE, SCHARFF, SCHARP, SCHATZ, SCHLARB, SCHLUND, SCHMUNK, SCHMUTZ, SCHNAPPS, SCHONS, SCHOPF, SCHOTT'S, SCHRANDT, SCHRANK, SCHRANZ, SCHRONCE, SCHULT, SCHULTE, SCHUNK, SCHUTZ, SCHWAB'S, SCHWALM, SCONC, SCONCE, SCOTCHED, SCOTS, SCOTT'S, SCOTTS, SCRAMS, SCRAPPED, SCRAPS, SCRATCHED, SCROGGS, SCRONCE, SCRUBBED, SCRUGGS, SCRUNCH, SCUDS, SCUFFED, SHAATH'S, SHACKS, SHAD'S, SHAFT, SHAGS, SHALL'S, SHALT, SHAMP, SHAND, SHANK, SHANT, SHARD, SHARF, SHARK, SHARM, SHARP, SHARPE, SHATZ, SHATZ(1), SHOCKED, SHOCKS, SHONK, SHOP'S, SHOPPED, SHOPPES, SHOPS, SHOTS, SHOTTS, SHOVED, SHOVES, SHRANK, SHRUBS, SHRUGGED, SHRUGS, SHRUNK, SHUCKED, SHUCKS, SHUNK, SHUNNED, SHUNS, SHUNT, SHUTS, SHUTTS, SKAGGS, SKULK, SKULLS, SKULLS(1), SKUNK, SLABS, SLACKED, SLACKS, SLAMMED, SLAMS, SLANT, SLAPPED, SLAPS, SLASHED, SLATS, SLAVS, SLOBS, SLOGGED, SLOTS, SLOUGHS, SLUGGED, SLUGS, SLUMP, SLUMS, SLUTS, SLUTZ, SMACKED, SMACKS, SMART, SMARTT, SMASHED, SMUDGED, SNACKED, SNACKS, SNAGGED, SNAGS, SNAPPED, SNAPS, SNARL, SNATCHED, SNOBS, SNUBBED, SNUBS, SNUFFED, SNUFFS, SNUGGS, SOBBED, SOBS, SOCKED, SOCKS, SOFT, SOHNS, SOLVE, SOMES, SON'S, SONS, SONS', SOPS, SOX, SPAN'S, SPANK, SPANNED, SPANS, SPARC, SPARK, SPARRED, SPARSE, SPATS, SPATZ, SPAWNS, SPLASHED, SPONGE, SPOTS, SPOTTS, SPUD'S, SPUDS, SPUNK, SQUAD'S, SQUADS, SQUASHED, SQUATS, STAAR'S, STAATS, STABBED, STABS, STAC'S, STACKED, STACKS, STADT, STAFF'S, STAFFED, STAFFS, STAGGS, STAHNKE, STAMP, STAN'S, STANCE, STANCH, STAND, STANGE, STANK, STANKE, STANT, STAPF, STAR'S, STARCH, STARCK, STARK, STARKE, STARN, STARR'S, STARRED, STARRS, STARS, STARS', START, STARVE, STASHED, STATS, STATZ, STOCK'S, STOCKED, STOCKS, STOCKS', STOMP, STONGE, STOPPED, STOPS, STOTTS, STOTZ, STOUDT, STOUFFS, STRAND, STRANDE, STRAPPED, STRAPS, STRUMS, STRUNK, STRUTS, STRUTZ, STUBBED, STUBBS, STUBS, STUDDS, STUDS, STUDT, STUFF'S, STUFFED, STUFFS, STUMP, STUMPE, STUMPH, STUMPP, STUNK, STUNNED, STUNS, STUNT, STUTTS, STUTZ, SUARD(1), SUB'S, SUBBED, SUBS, SUCKED, SUCKS, SUDS, SUGGS, SULK, SULT, SUMMED, SUMP, SUMS, SUN'S, SUND, SUNDE, SUNDT, SUNG'S, SUNK, SUNS, SWABS, SWAMP, SWANK, SWANN'S, SWANS, SWAPPED, SWAPS, SWATCHED, SWATHED, SZUCS, TABS, TACKED, TACKS, TACT, TAFT, TAGGED, TAGS, TALC, TAMBS, TAMP, TANGE, TANGS, TANK, TANKE, TANNED, TANS, TANT, TAPPED, TAPS, TARP, TARRED, TART, TARTE, TARTT, TASK, TAX, THANK, THARP, THARPE, THAT'S, THATCHED, THOMP, THOMS, THRASHED, THRUST, THUGS, THUMBED, THUMBS, THUMP, THUNK, TODD'S, TODT, TOFT, TOGS, TOM'S, TOMS, TONGE, TONGS, TONGUED, TONGUES, TONNES, TONS, TOPPED, TOPPS, TOPS, TOTS, TOUCHED, TOUGHED, TOUGHS, TRACHT, TRACK'S, TRACKED, TRACKS, TRACT, TRAMP, TRAMPE, TRAMS, TRANCE, TRANCHE, TRANS, TRANT, TRAPPED, TRAPS, TRASHED, TRASK, TRAX, TROMP, TROST, TROTS, TRUCK'S, TRUCKED, TRUCKS, TRUCKS', TRUDGED, TRUMP, TRUNK, TRUST, TUBBS, TUBS, TUCKED, TUCKS, TUFT, TUFTE, TUGGED, TUGS, TUKS, TUMS, TUMS', TUNDE, TUNG'S, TUSK, TUT'S, TUX, ULCH, ULF, ULM, ULSH, UND, UNZ, UP'S, UPPED, UPS, UTZ, VALVE, VAMP, VANCE, VANDE, VANS, VARN, VARS, VAST, VATS, VAX, VLAD'S, VOCS, VONK, VONS, VOX, WACKS, WADS, WAFT, WAG'S, WAGGED, WAGS, WALP, WAND, WANG'S, WANK, WANKE, WANT, WASHED, WASP, WATCHED, WATT'S, WATTS, WATZ, WAX, WHACKED, WHACKED(1), WHACKS, WHACKS(1), WHARFF, WHARFF(1), WHAT'S, WHAT'S(1), WHATS, WHATS(1), WOKS, WONK, WOPS, WRACKED, WRAPPED, WRAPS, WUNSCH, X.(1), XANTHE, YACHTS, YAHNKE, YAMS, YANK, YANKE, YANT, YAPS, YARD, YARDE, YARN, YAX, YOM'S, YONCE, YONGUE, YONKE, YOUNES, YOUNG'S, YOUNGE, YOUNGS, YUKS, YUNG'S, YUNK, YUST, ZACK'S, ZACKS, ZAGGED, ZAGS, ZAND, ZANDT, ZANK, ZANT, ZAPF, ZAPPED, ZAPS, ZARB, ZUG'S
--------------------
K-AH0-N-G-R-AE2
ALTRA, AMBRA, ARDRA, ARKLA, ARTOIS, ARTRA, ASTRA, BARBARA(1), BARBRA, BHANGRA, BONDRA, BOSTRA, BRAAKSMA, CAMBRA, CHANDRA, CHARGOIS, CHUTZPAH, COMTOIS, CONDRA, CONTOIS, CONTRA, COSTRA, DAMBRA, ENTRE(1), FRANCOIS, FRANCOISE(1), GADBOIS, GANGSTA, GIAMBRA, GRANDMA, GRANDPA, HANKLA, HANSMA, HARNOIS, HOMBRE, JANSMA, KONTRA, KOSTKA, KUSTRA, LANGLOIS, LASTRA, LUMBRA, MANFRA, MANTRA, MOSKWA, NAMBLA, PANDYA, PASQUA, SAMBRE, SANDRA, SANTIA, SARTRE, SCHAAFSMA, SKANDIA(2), SKANSKA, SONDRA, SRPSKA, TALSMA, TUNDRA, ULTRA, UMBRA, VONDRA, WONDRA, ZANDRA
--------------------
K-AH0-N-G-R-AE2-CH-AH0
ANDRADA, BOTSWANA, GONDWANA, PASTRANA, ZAMBRANA
--------------------
K-AH0-N-G-R-AE2-CH-AH0-L-EY1

--------------------
R-AE2
A, AAH, AH, AHH, AWE, BA(1), BAH, BLAH, BOIS, BRA, BRUGH, CA, CA(2), CHA, CHUA(1), DA, DAH, DE(2), DU(1), DUH, FOIE, GA, GRAS(1), HA, HAH, HSIA, HUA(1), HUH, HWA, JA, JHA, JOIE, KA, KAH, KLUGH, KRAH, KRUGH, LA, LAW(1), LE, MA, MAH, MOI, NA, NAH, NAW, PA, PAH, PLA, QUA, RA, RAH, RAW, RHA, RUGH, RUH, SA, SHA, SHAH, SPA, STA, SUH, TA, THE, THE(1), TO(2), TROIS, UH, UHH, WA, WAAH, WAH, YA, YAH, YEAH, ZSA
--------------------
R-AE2-CH-AH0
,COMMA, ABBA, ACA, ADAH, AGA, AKA, ALA, ALLA, ALLAH, ANA, ANA(1), ANNA, ARA, ASA, ASHA, ATA, ATHA, ATTA, BABA, BABA(1), BACA, BACHA, BADA, BAFFA, BAKA, BALA, BALLA, BARA, BARRA, BASA, BASHA, BASSA, BAVA, BEKAA(1), BHATIA, BOFFA, BOLLA, BOTHA, BOTTA, BOZZA, BRAGA, BRAMAH, BRANNA, BUBBA, BUFFA, BUSHA, CABA, CACCIA, CADA, CALA, CALLA, CAMA, CANA, CAPPA, CARRA, CASA, CAVA, CHANA, CHAPA, CHARA, CHIARA, CHOLLA, CLADDAGH, CLARA, COMMA, COTTA, CURRAGH, DABAH, DABAH(1), DACHA, DADA, DALLA, DAMA, DANNA, DARA, DARRAH, DASA, DASA(1), DATA(1), DHAKA, DHAKA(1), DHAKA(2), DONNA, DRAMA, DUSZA, DWANA, FALLA, FAMA, FARHA, FARRA, FATA, FATAH, FATAH(1), FAVA, FLANNA, FLOTTA, FRAGA, FRANA, GABA, GAGA, GALA, GALLA, GAMA, GAMMA, GAPPA, GARA, GAZA, GHADA, GHANA, GLAZA, GOLLA, GONNA, GOTCHA, GOTTA, GRACIA, GRAMA, GRANA, GRATA, GROMA, GUAVA, GULLA, GULLAH, HADA, HAGA, HALLA, HAMA, HANA, HANNA, HANNAH, HARRA, HARRAH, HATA, HOPPA, JABAH, JACKA, JAFFA, JAMA, JANA, JANNA, JARA, JARROD, JAVA, JUANA, JUANA(1), KABBAH, KALLA, KAMA, KANA, KAPPA, KASHA, KASSA, KASZA, KATHA, KAWA, KAYA, KHANNA, KOZUCH, KRUPPA, KUALA, KULLA, LABA, LADA, LALA, LALLA, LAMA, LANA, LANNA, LARA, LASSA, LATA, LATTA, LAVA, LHASA, LLAMA, LLANA, LOCKA, LOTTA, MACHA, MADA, MAHWAH, MALA, MAMA, MAMMA, MANA, MANNA, MARA, MARRA, MASA, MASSA, MATA, MATTA, MATTEA, MAZA, MAZZA, MCCAA, MOFFA, MOMMA, MUCHA, MULLAH, MUMMA, NADA, NANA, NANNA, NAPA, NAPPA, NARA, NASA, NATA, NAVA, OLAH, ONA, OSSA, OTHA, OUAGA, PACA, PACA(1), PALLA, PAPA, PAPPA, PARRA, PASHA, PASHA(1), PLAIA, PLATA, PLAZA, PLAZA(1), POPPA, PRADA, PRUCHA, PRUSHA, PRUSSIA, QANA, RACCA, RADA, RADHA, RAFFA, RAIA, RAMA, RANA, RAPPA, RARA, RATA, RAZA, REFAH, ROCCA, ROLLA, RONNA, RUSSIA, SABA, SABAH, SACCA, SACHA, SADA, SAGA, SAIA, SALA, SALAH, SAMA, SANA, SANAA, SANNA, SANTA(1), SARRA, SASHA, SAVA, SCACCIA, SCALA, SCAPA, SCHAJA, SCHAMA, SCHARA, SCIARA, SHAKA, SHANA, SHARA, SHARAA, SKALA, SKALLA, SLAMA, SLAVA, SOMMA, SPADA, SPALLA, STACIA, STAFFA, STRADA, STRAKA, STRATA, TADA, TAMA, TARA(1), TASHA, TATA, THADA, THADDA, THUMMA, VACA, VACCA, VACHA, VALA, VALLA, VANA, VANNA, VARA, VOILA, VRANA, WAARA, WACHA, WADA, WAGA, WANNA, WANTA(1), YABBA, YADDA, YAHYA, YUCCA, ZADA, ZAGHA, ZAPPA, ZARA, ZARAH, ZLATA, ZLATA(1), ZSA-ZSA, ZSAZSA
--------------------
R-AE2-CH-AH0-L-EY1
ARABE, ATTACHE, ATTAWAY, CALAWAY, CALLAWAY, CAMAGUEY, CANADAY, CANNADAY, CARAWAY, CARRAWAY, CASSADAY, CONAWAY, CONNAWAY, CUTAWAY, DONAWAY, DUNAWAY, DUNNAWAY, FARADAY, FARAWAY, GANAWAY, GANNAWAY, GARRAWAY, GASAWAY, GASSAWAY, GAZAWAY, GOLLADAY, HADAWAY, HADDAWAY, HALLADAY, HAMADEI, HANAWAY, HARAWAY, HATAWAY, HATHAWAY, HATTAWAY, HOCKADAY, HOLIDAY, HOLLADAY, HOLLAWAY, HONORE, HUCKABAY, KANADE, KAWATE, LABARRE, LARAWAY, LAZARE, LA_CARRE, NATALLE, OTTAWAY, RABALAIS, ROCKAWAY, RUNAWAY, SAGUENAY, STANAWAY, TANABE, TASADAY, VALADE, YAMANE
--------------------
R-AE2-CH-AH0-L-EY1-SH-AH0-N
ADULATION, AFFIDAVIT, AGITATED, AGITATION, ALLEGATION, ALLOCATION, ANIMATION, ANNOTATION, APPALACHIAN, APPALACHIAN(1), APPELLATION, ASSOCATION, AVOCATION, COLLOCATION, CONNOTATION, DOMINATED, DOMINATION, FASCINATED, FASCINATION, FLAGELLATED, GRADUATION(1), HABITATION, LAMINATED, MACHINATION, MACHINATION(1), MODULATION, NAVIGATION, NAVIGATION(1), NOMINATED, NOMINATION, OSCILLATED, OSCILLATION, PAGINATION, POLLINATION, PROPAGATION, PROVOCATION, SALIVATED, SANITATION, SARAJEVAN, SUFFOCATION, VACILLATION, VALIDATED, VALIDATION
--------------------
CH-AH0
A, AAH, AH, AHH, AWE, BA(1), BAH, BLAH, BOIS, BRA, BRUGH, CA, CA(2), CHA, CHUA(1), DA, DAH, DE(2), DU(1), DUH, FOIE, GA, GRAS(1), HA, HAH, HSIA, HUA(1), HUH, HWA, JA, JHA, JOIE, KA, KAH, KLUGH, KRAH, KRUGH, LA, LAW(1), LE, MA, MAH, MOI, NA, NAH, NAW, PA, PAH, PLA, QUA, RA, RAH, RAW, RHA, RUGH, RUH, SA, SHA, SHAH, SPA, STA, SUH, TA, THE, THE(1), TO(2), TROIS, UH, UHH, WA, WAAH, WAH, YA, YAH, YEAH, ZSA
--------------------
CH-AH0-L-EY1
ABBE(1), ADAY, ALLAIS, ALLAY, ASAY, AVE, AWAY, B'NAI, BALLET, BENET(1), BUFFET(1), CACHE(1), CACHET, CAFE, CAFE(1), CALAIS, CALLAIS, CARRE(1), CATHAY, CHALET, CHALET(1), COIFFE, DALAI, DEKAY, DONAIS, DONNAY, DOVEY, DUBAY, DUGUAY, DUMAIS, DUNAY, FARAI(1), FILLET, GABAY, GALLE(1), GARAY, GOLAY, HANNAY, HEFEI, HURRAY, JACQUET(1), JAQUAY, JOURET, KALLAY, KAMEI(1), KVAMME(1), LABAY, LAMAY, LATTE, MACKAY, MADAY, MANET, MANET(1), MCCAY, MCKAY, PALAIS, PAPAY, PASSE, RAHWAY, RATAY, RENE, RENEE, SACHET, SALAY, SOIREE, TAKEI, TODAY, VALET, VOISEY, WAH-PEI, ZALAY
--------------------
CH-AH0-L-EY1-SH-AH0-N
AUDACIOUS, AVELAR, AVENALL, AWAKEN, BACCHANAL, BRADEMAS, CABEZAS, CALLEJAS, CAPACIOUS, COPETAS, FALLACIOUS, FENAGLE, JAMAICA'S, JAMAICAN, MALAYSIA'S, MALAYSIAN, MANEVAL, MCCALEB, MOLAISON, NEGATION, OCCASION, PALATIAL, PESETAS, PHILEMON, PLACETAS, PREDATION, SALACIOUS, SEBACEOUS, SEDATION, SHALALA'S, SUMMATION, TENACIOUS, UNABLE, VIVACIOUS
--------------------
L-EY1
'KAY, A(1), A., AE, AY, BAHE, BAY, BAYE, BAYH, BEY, BLAY, BLEY, BRAE, BRAY, BREY, C'EST(1), CAY, CHE, CHEZ, CLAY, CRAY, DAE, DAY, DAYE, DE(1), DEY, DRAY, DREY, FAY, FAYE, FE, FEY, FLAY, FRAY, FREY, GAI, GAY, GAYE, GRAY, GRAYE, GREY, GUAY, GWAY, HAIGH, HAY, HAYE, HEY, HWE, J, J., JAE, JAY, JAYE, K, K., KAY, KAYE, KHE, KLAY, KLEY, KRAY, KREY, LAIT, LAY, LAYE, LEI, LES(1), LEY, LEYH, MAE, MAY, MAYE, MEI, MEY, NAY, NE(1), NEJ, NEY, PAY, PAYE, PEI, PLAY, PRAY, PREY, QUAI, QUAY(1), QUAYE, QUAYE(1), RAE, RAY, RAYE, RE, REA, REAY, REY, SAY, SAYE, SCHEY, SCHLEY, SE, SEAY, SHAY, SHEA, SLAY, SLEIGH, SMAY, SNAY, SPAY, SPEY, SPRAY, STAY, STRAY, STREY, SWAY, SZE(1), TAE, TAY, THEY, TRAY, TRE, TREY, VEY, WAY, WAYE, WEI, WEIGH, WEY, WHEY, WHEY(1), WRAY, WY, YAY, YEA, ZE
--------------------
L-EY1-SH-AH0-N
ABEL, ABELL, ABLE, ADA'S, ADAN, ADAS, ADEN, AEGON, AGAN, AIDAN, AKEN, ALAR, ALUN, AMOS, ANAL, ANUS, ARAB(1), ASAP(1), ASIA'S, ASIAN, ATEN, ATHAS, AVON, AWAN, AYCOCK, AYDAR(1), AYGEN(1), BACON, BACOT(1), BADAL, BADEN, BAGAN, BAGEL, BAILON, BALAN, BASAL, BASE'S, BASES, BASIN, BASIS, BATAN, BAYLEN, BAYLON, BAYMAN, BAYNHAM, BAYWATCH, BAZAN, BEGEL, BEGUN(1), BEIGE'S, BEIGES, BEIGHTOL, BEJAR, BETAS, BEYNON, BLADEN, BLAYDON, BLAYLOCK, BRACES, BRADEN, BRAGAN, BRAMAN, BRANAN, BRAYMAN, BRAYTON, BRAZEN, BREAKUP, BUENOS(1), CABAN, CABLE, CADLE, CAGAN, CAGLE, CAISON, CAISSON, CAJUN, CALAN, CALEB, CAMAN, CANAAN, CANAN, CANUCK, CAPEL, CAPEN, CAPLE, CAPON, CASES, CAVAN, CAVEN, CAYMAN, CAYSON, CAYTON, CHABON, CHAEBOL, CHAIKEN, CHAISSON, CHASEN, CHASES, CHASTEN, CHAZEN, CLAMEN, CLASEN, CLAYCOMB, CLAYMAN, CLAYSON, CLAYTON, CRABLE, CRADLE, CRAGLE, CRAVEN, CRAYTON, CREIGHTON, D'ETATS, DAEMON(1), DAGAN, DAGLE, DAGON, DAIGLE, DAIWA'S, DAJUN, DALAL, DAMAN, DAMON, DANA'S, DATA'S, DATAS, DATUM(1), DAVIS, DAVIS', DAYTON, DAYTOP, DEGAS, DEIGHAN, DEIGHTON, DEVALL, DEYTON(1), DRAINAGE, DRAYTON, DREPUNG, DREYFUS(1), DREYFUSS, EVA'S, EYMAN, EYNON, EYTON, FABLE, FACES, FACIAL, FADED, FADEN, FAGAN, FAISAL, FAISON, FAMOUS, FATAL, FEAGAN, FEIGHAN, FRABLE, FRACAS, FREYMAN, FREYTAG, GABLE, GAGAN, GAINOUS, GALAN, GALAS, GALEB(1), GALEN, GAUGES, GAVAN, GAVEN, GAYDAR, GAYDEN, GAYDOSH, GAYMAN, GAYMON, GAYNESS, GAYTAN, GAYTON, GAZES, GLACIAL, GLACIS, GLAVAN, GLAZES, GRABLE, GRACIOUS, GRADED, GRADEN, GRADUS, GRAPAGE, GRAVEN, GRAYBEAL, GRAYDON, GRAYSON, GREYLAG, HABLE, HADEN, HAGAN, HAGAR, HAGEN, HAGLE, HAINAN, HAITIAN, HAITIEN, HAKAN, HALON, HAMAL, HAMAN, HANAN, HAPAG, HASTEN, HATED, HAVEN, HAYCOCK, HAYDEL, HAYDEN, HAYDOCK, HAYDON, HAYDUK, HAYMAN, HAYMON, HAYTON, HAZAN, HAZEL, HAZEN, HAZLE, HEINOUS, HEYDEN, HEYDON, HEYMAN, HEYMANN, JACOB, JADED, JANEANE, JANUS, JASON, JAYDEN, JAYSON, KABLE, KADEN, KAGAN, KAGEL, KAILASH, KALAL, KALAN, KALEN, KAMAL, KAMAN, KANAN, KANON, KASAL, KATEN, KATYN(1), KAVAN, KAYDON, KAYVON, KAZAN, KCAL, KEYLON, KLAMON, KLASEN, KLAYMAN, KNABLE, KRAYNAK, LABAN, LABEL, LACES, LADEN, LADLE, LAGLE, LAIBLE, LAMAN, LAVAN, LAVEN, LAYCOCK, LAYDEN, LAYMAN, LAYMEN, LAYMON, LAYSON, LAYTHAN, LAYTON, LEHMANN, LEIGHTON, LEYSEN, MABEL, MABLE, MABON, MACOMB, MACON, MADAN, MADEN, MAGAN, MAIDEL, MAIDEN, MAISON, MAIZE'S, MAKE-UP, MAKEUP, MALAN, MAPLE, MASON, MATHAN, MATION(1), MAVEN, MAYBEN, MAYCOCK, MAYDEN, MAYSON, MAYTAG, MAYTON, MEGAN, MEIGHAN, MEKONG, MESA'S, MESON, NAGEL, NAGLE, NAIMAN, NAKED, NAPALM, NASAL, NATAL, NATAN, NATHAN, NATION, NAVAL, NAVEL, NAYYAR, NEYLON, NEYMAN, PADEN, PAGAN, PAGES, PAIGHTON, PAINTED(2), PANEM, PAPAL, PATHOS, PAYBACK, PAYSON, PAYSOP, PAYTON, PETAIN(1), PEYMAN, PEYTON, PHAGAN, PHASES, PHRASES, PLACES, PLAINTIFF(1), PLAITED, PLATED, PLAYBACK, PLAYFUL, QUASAR, RACES, RACHAEL, RACHEL, RACIAL, RADAR, RADEN, RADLE, RADON, RAGAN, RAGEL, RAGLE, RAIBLE, RAISES, RAISON, RAITHEL, RAMAN, RAMUS, RATED, RATION(1), RAVAN, RAVEN, RAYBON, RAYBUCK, RAYCON, RAYMAN, RAYROCK, RAYSON, REAGAN, REYMAN, SABAN, SABLE, SAGAN, SAGE'S, SAIDAN, SAIPAN, SAISON, SAKAL, SALEM, SAMOS, SATAN, SCHAIBLE, SCHLEGEL, SEAMUS, SEGA'S, SEGALL, SEYDEL, SHADLE, SHAIKEN, SHAKEN, SHAKEUP, SHAMAN, SHAMUS, SHAVEN, SLAGLE, SLATEN, SLAVEN, SLAYBACK, SLAYDEN, SLAYDON, SLAYTON, SPACEHAB, SPACES, SPACIAL, SPACIOUS, SPATIAL, SPLEISSON, STABLE, STALON, STAPLE, STATION, STATUS(1), STAYTON, STRAIGHTEN, SUASION, TABLE, TAGLE, TAILLON, TAKEN, TAKETH, TATUM, TAYMAN, TEHRAN, TEJAN, THADEN, TJADEN, TRACES, TRAJAN, TRAYNHAM, VADEN, VAILAB, VASES, VEGAS, VEILLON, WADEL, WAGES, WAIBEL, WAKE-UP, WAKEN, WAKEUP, WAKID, WALEN, WANAT, WAYLON, WAYMAN, WAYSON, WEYMAN, WEYMOUTH, WHALEN, WHALEN(1), YADEN, YAPLE, ZABEL, ZADAR, ZAGEL, ZAMAN
--------------------
SH-AH0-N
'CAUSE, 'EM, 'M, 'N, 'TWAS, --DASH, -DASH, .DOT, /SLASH, AASE, AB, ACK, AD, ADD, AG, AHL, AHN, AHR, AHS, AKC, AL, AL., AM, AN, AN(1), ANE(1), ANG, ANN, ANNE, APP, AR, ARE, AS, ASCH, ASCHE, ASH, ASHE, ASS, AT, BA'ATH, BAAB, BAACK, BAADE, BAAR, BAAS, BAASCH, BAB, BABB, BACH, BACHE, BACK, BACKE, BAD, BADGE, BAG, BAGG, BAGGE, BAHL, BAHM, BAHN, BAHR(1), BAHRE, BAHT, BAK, BAKKE, BAL, BALM, BAM, BAN, BANG, BANH, BANN, BAR, BARR, BARRE(1), BASCH, BASH, BASS, BASSE, BAT, BATCH, BATH, BATT, BATTE, BAZ, BEEN(1), BHATT, BHATT(1), BLACK, BLAGG, BLAN, BLANN, BLAS, BLASS, BLATT, BLOB, BLOC, BLOCH, BLOCK, BLOK, BLOM, BLOOD, BLOT, BLUFF, BLUHM, BLUSH, BOB, BOBB, BOCH, BOCHE, BOCK, BOG, BOHLKE, BOHM, BOK, BOL, BOLLE, BOM, BOMB, BON, BONG, BONN, BONNE, BOP, BOPP, BOS, BOSH, BOSS, BOSSE, BOTCH, BOTT, BOUGHT, BRAASCH, BRAC, BRACH, BRACK, BRAD, BRAFF, BRAG, BRAGG, BRAHM, BRAKKE, BRAM, BRAN, BRANN, BRAQUE, BRAS, BRAS(1), BRASCH, BRASH, BRASS, BRAT, BRATSCH, BRATT, BRAZ, BROC, BROCK, BROD, BROK, BROM, BROMM, BRONN, BROSH, BROSZ, BROTT, BROZ, BRUCH, BRUCK, BRUFF, BRUHL, BRUHN, BRUM, BRUMM, BRUN, BRUNN, BRUS, BRUSH, BRUSS, BUB, BUBB, BUC, BUCH, BUCHE, BUCK, BUD, BUDD, BUDDE, BUDGE, BUFF, BUG, BUGG, BUGGE, BUM, BUN, BUNG, BUNN, BUPP, BUS, BUSCHE, BUSS, BUSSE, BUT, BUTSCH, BUTT, BUZZ, BUZZE, BYUN, CAAN, CAB, CAC, CACHE, CAD, CAEN, CAEN(1), CAHN, CAL, CALF, CALM, CAM, CAMM, CAN, CAN(1), CANN, CANNES(1), CAP, CAPP, CAQ, CAR, CARR, CARRE, CARS(1), CAS, CASH, CASS, CAT, CATCH, CATT, CAUGHT, CAUL, CAULK, CAUSE, CHAD, CHADD, CHAFF, CHALK, CHAM, CHAN, CHANG, CHAP, CHAPP, CHAR, CHAS, CHASSE, CHAT, CHAZ, CHAZZ, CHAZZ(1), CHIANG, CHOCK, CHOK, CHON, CHOP, CHOPP, CHUANG, CHUANG(1), CHUBB, CHUCK, CHUG, CHUL, CHUM, CHUN, CHUNG, CHUNN, CHUPP, CLAAR, CLACK, CLAD, CLAGG, CLAGUE, CLAM, CLAN, CLANG, CLAP, CLAPP, CLAR, CLASH, CLASS, CLOCK, CLOG, CLOS, CLOT, CLOTT, CLUB, CLUBB, CLUCK, CLUFF, CLUM, CLUNG, CLUTCH, COB, COBB, COCK, COD, CODD, COIF, COLL, COM, COME, COMM, CON, CONN, CONN., COP, COPP, COT, COTT, COUGH, COZ, CRAB, CRABB, CRABBE, CRACK, CRAGG, CRAM, CRAP, CRASH, CRASS, CROC, CROCK, CROM, CRON, CROP, CROPP, CROSSE, CROTCH, CRUD, CRULL, CRUM, CRUMB, CRUMM, CRUSH, CRUTCH, CSAR, CUB, CUDD, CUFF, CUFFE, CUL, CULL, CUM, CUP, CUPP, CUS, CUSH, CUSS, CUT, CZAR, DAANE, DAAS, DAB, DAC, DACK, DAD, DAG, DAGG, DAGUE, DAHL, DAHM, DAHN, DAHN(1), DAK, DAL, DAM, DAMM, DAMME, DAMN, DAN, DANG, DANN, DAPP, DAR, DARR(1), DAS, DAS(1), DASCH, DASH, DASS, DAT, DAZS, DOB, DOBB, DOC, DOCK, DODD, DODGE, DOES, DOHM, DOHN, DOL, DOLL, DOLLE, DOM, DON, DONE, DONN, DONNE, DOPP, DOSH, DOT, DOTT, DOUG, DOV, DOVE, DRAB, DRACH, DRAG, DRAM, DRANG, DROP, DROZ, DRUB, DRUCK, DRUDGE, DRUG, DRUM, DRUMM, DUAN, DUB, DUC, DUCH, DUCK, DUD, DUDD, DUFF, DUG, DUK, DULL, DULLE, DUM, DUMB, DUMM, DUN, DUNG, DUNN, DUNNE, DUSCH, DUSCH(1), DUSH, DUTCH, DUTT, DWAN, FAAL, FAAS, FAB, FAC, FAD, FAG, FAGG, FAHD, FAHL, FAHR, FAHS, FALL(1), FAN, FANG, FANN, FAR, FARR, FASS, FAT, FATH, FAZ, FLAB, FLACH, FLACK, FLAD, FLAG, FLAGG, FLAK, FLAM, FLAMM, FLAN, FLANN, FLAP, FLASCH, FLASH, FLAT, FLATH, FLATT, FLOC, FLOCK, FLOG, FLOHR, FLOM, FLOOD, FLOP, FLOSS, FLOTT, FLUCK, FLUD, FLUDD, FLUFF, FLUNG, FLUSH, FOG, FOGG, FOSS, FOSSE, FOTH, FRAAS, FRAHM, FRAM, FRAN, FRAP, FRAPH, FRASCH, FRAUM(1), FROCK, FROG, FROGG, FROGGE, FROHN, FROM, FROMM, FROMME, FRUM, FRUSH, FUCK, FUDGE, FUHS, FUN, FUNG, FUSS, FUTCH, FUZZ, FYOCK, GAAL, GAAR, GAB, GACH, GAD, GADD, GAF, GAFF, GAFFE, GAG, GAHM, GAHN, GAHR, GAL, GAMM, GAN, GANG, GANN, GAP, GAPP, GAR, GARR, GAS, GASH, GASS, GAT, GATCH, GATH, GATT, GAZ, GAZ(1), GHOSH, GIANG(1), GIAP(1), GLAAB, GLAB, GLAD, GLADD, GLAHN, GLAS, GLASS, GLATT, GLOB, GLOCK, GLOD, GLOMB, GLOP, GLOVE, GLUCK, GLUM, GLUT, GMBH, GNANN, GNASH, GNAT, GOB, GOCKE, GOD, GOHLKE, GOHN, GOHR, GOLL, GOLLE, GOSH, GOSSE, GOT, GOTCH, GOTH, GOTSCH, GOTT, GOTTSCH, GOV, GRAB, GRABBE, GRAD, GRAEF(1), GRAEFE(1), GRAEFF(1), GRAEME(1), GRAF, GRAFF, GRAGG, GRAHAM(1), GRAHL, GRAHN, GRAM, GRAMM, GRAN, GRAPH, GRAS, GRASS, GRASSE, GROB, GROCH, GROG, GROGG, GROM, GROPP, GROSH, GROSSE, GROTH, GRUB, GRUBB, GRUDGE, GRUFF, GRUM, GRUN, GRUPP, GRUSH, GRUSS, GUAM, GUASCH, GUCK, GUFF, GUHL, GUL, GULL, GUM, GUMM, GUN, GUNG, GUNN, GUS, GUSH, GUSS, GUT, GUTT, HAAB, HAACK, HAACKE, HAAF, HAAG, HAAK, HAAKE, HAAN, HAAR, HAAS, HAASE, HAASS, HACH, HACK, HACKE, HAD, HADD, HAFF, HAG, HAGG, HAGGE, HAHL, HAHM, HAHN, HAHS, HAJJ, HAL, HALF, HALLE, HALM, HALVE, HAM, HAMM, HAMME, HAN, HAN(1), HANG, HANN, HAP, HAPP, HAPPE, HAQ, HAQUE, HAR, HARR, HARRE, HAS, HAS(1), HASCH, HASH, HASS, HASSE, HASZ, HAT, HATCH, HATH, HATT, HAUTE(1), HAVE, HLAD, HM, HMM, HNAT, HOB, HOC, HOCH, HOCK, HODDE, HODGE, HOF, HOG, HOGG, HOGGE, HOHN, HOLL, HOLLE, HOM, HOMME, HON, HONN, HOP, HOPP, HOPPE, HOSS, HOT, HOTH, HOTT, HOUGH, HRON, HRON(1), HUAN, HUANG, HUANG(1), HUB, HUCH, HUCK, HUCKE, HUD, HUFF, HUG, HUGG, HUHN, HULL, HUM, HUMM, HUN, HUNG, HUNN, HUPP, HUSH, HUSS, HUT, HUTCH, HUTT, HWAN, HWANG, HWANG(1), HYUN(1), I'M(1), JAAN, JAAN(1), JAB, JAC, JACK, JACQUES, JACQUES(1), JAGT, JAHN, JAHR, JAM, JAMB, JAN, JAN., JANG, JANN, JAP, JAR, JAS, JASS, JAZZ, JIANG, JOB, JOCK, JOFFE, JOG, JOHN, JON, JONN, JOPP, JOSH, JOT, JUAN, JUAN(1), JUANG, JUBB, JUDD, JUDGE, JUG, JUHL, JUN, JUNGE, JUS(1), JUT, JWAN, KAAS, KACH, KAHL, KAHLE, KAHN, KAHNG, KAHR, KAHRE(1), KAL, KAM, KAMM, KAN, KANG, KANG(1), KANN, KANNE, KAPP, KARR, KASCH, KASH, KASS, KAT, KATH, KATT, KHAD, KHAN, KHAT, KJAR, KLAAS, KLAHN, KLAHR, KLAMM, KLAN, KLANG, KLANN, KLAPP, KLAR, KLAS, KLASS, KLATT, KLOC, KLOCK, KLOCKE, KLOPP, KLOTH, KLUCK, KLUG, KLUGT, KLUMB, KLUS, KNAACK, KNAAK, KNAB, KNABB, KNACK, KNAPP, KNARR, KNOB, KNOBBE, KNOCH, KNOCHE, KNOCK, KNOP, KNOPF(1), KNOPP, KNOT, KNOTH, KNOTT, KNUPP, KNUT, KOCK, KOHN, KOK, KOLL, KOLLE, KON, KOPP, KOPPE, KOS, KOSH, KOT, KOTCH, KOTH, KOTT, KRABBE, KRACH, KRACK, KRACKE, KRAGH, KRAHL, KRAHN, KRAL, KRAM, KRAMM, KRAMME, KRAPP, KRAS, KRASS, KRAT, KRATT, KROB, KROC, KROCK, KROG, KROK, KROM, KROMM, KRON, KROPP, KRUCK, KRUG, KRUK, KRUL, KRULL, KRUM, KRUMM, KRUMME, KRUPP, KRUS, KUAN, KUC, KUCH, KUCK, KUHL, KUHNE, KUK, KULL, KUMM, KUN, KUNG, KUS, KUSCH, KUSS, KUT, KUTCH, KUTSCH, KVAM, KWAK, KWAN, KWANG, KWOK, KWON, KYUNG, LAACK, LAAKE, LAAS, LAATSCH, LAB, LABBE, LAC, LACH, LACHE, LACK, LAD, LADD, LAFF, LAG, LAGUE, LAHM, LAHN, LAHR, LAK, LAL, LAM, LAMB, LAMBE, LAMM, LAMME, LAN, LANG, LANGE, LANN, LAP, LAPP, LAPPE, LAR, LAS, LASCH, LASH, LASS, LAT, LAT(1), LATCH, LATH, LATSCH, LAUCH, LAUGH, LIAN, LIANG, LOB, LOBB, LOCH, LOCK, LOCKE, LODGE, LOHN, LOK, LOLL, LOMB, LON, LOP, LOPP, LOSH, LOT, LOTH, LOTT, LOTTE, LOVE, LUCK, LUCKE, LUFF, LUG, LUHN, LUK, LULL, LUM, LUMB, LUMM, LUN, LUNG, LUNN, LUSCH, LUSH, LUZ, MA'AM, MAACK, MAAG, MAAHS, MAAM, MAAS, MAASS, MAB, MAC, MACH, MACHE, MACK, MACKE, MAD, MADD, MADGE, MAG, MAHER, MAHL, MAHN, MAHR, MAJ, MAK, MAL, MALLE, MALM, MAM, MAN, MANG, MANN, MANNE, MAP, MAPP, MAR, MARR, MAS, MASCH, MASH, MASS, MASS., MASSE, MAT, MATCH, MATH, MATSCH, MATT, MATTE, MAV, MAWR(1), MAZ, MEAGHER, MOB, MOCH, MOCK, MOF, MOGG, MOHN, MOHS, MOK, MOLL, MOLLE, MOM, MON(1), MONN, MOP, MOTT, MOTTE, MRAZ, MROZ, MRUK, MUCH, MUCK, MUD, MUDD, MUDGE, MUFF, MUG, MUHL, MUHS, MULL, MUM, MUMM, MUMME, MUN, MUNN, MUSCH, MUSH, MUTCH, MUTSCH, MUTT, MYUNG, NAAB, NAAS, NAB, NABB, NACK, NACKE, NAD, NAFF, NAG, NAHM, NAHM(1), NAM, NAN, NANG, NAP, NAPP, NASH, NASS, NAT, NATH, NAV, NOBBE, NOCK, NOD, NOM, NON, NONE, NOT, NOTCH, NOTH, NOTT, NOTTE, NUB, NUDD, NUDGE, NUHN, NULL, NUMB, NUN, NUNN, NUSS, NUSZ, NUT, NUTT, OCH, ODD, OF, OF(1), OG, OGG, ON, ONE, ONE(1), OP, OPP, OS, OSH, OTT, OTTE, OUR(2), OZ, PAAP, PAAPE, PAAR, PAASCH, PAC, PACK, PAD, PAFF, PAHL, PAK, PAL, PALL, PALM, PALME, PAM, PAN, PANG, PAP, PAPP, PAQUE, PAR, PARR, PAS, PASH, PASS, PAT, PATCH, PATH, PATHE, PATT, PAZ, PFAFF, PFAHL, PFARR, PFLUM, PHAM, PHAN, PHAR, PHARR, PHNOM, PHUNG, PHUT, PLACK, PLACKE, PLAGGE, PLAID, PLAM, PLAN, PLAQUE, PLAS, PLASS, PLASSE, PLATH, PLATT, PLATTE, PLOCH, PLOCK, PLOD, PLOG, PLOP, PLOT, PLOTT, PLUCK, PLUFF, PLUG, PLUM, PLUMB, PLUS, PLUSH, POCH, POCHE, POCK, POD, PODGE, POG, PON, POP, POPP, POPPE, POS, POSH, POT, POTH, POTT, PRAB, PRAGUE, PRAHL, PRAN, PRAN(1), PRATT, PRATTE, PROB, PROCH, PROCK, PROD, PROM, PROP, PROPP, PRUS, PRUSS, PSALM(1), PTAK, PUB, PUCK, PUFF, PUG, PUHL, PUN, PUNG, PUP, PUS, PUSCH, PUSS(1), PUTT, QOM, QUACH, QUACK, QUAD, QUAFF, QUAL, QUAM, QUAMME, QUARRE, QUON, R, R., RAAB, RAABE, RAAD, RAAP, RAASCH, RAB, RABB, RACH, RACK, RACZ, RAD, RADDE, RAF, RAFF, RAG, RAGUE(1), RAHL, RAHM, RAHM(1), RAHN, RAJ, RAJ(1), RAK, RAM, RAMM, RAN, RANG, RANH, RANN, RAP, RAPP, RAPPE, RAS, RASCH, RASCHE, RASH, RAT, RATH, RATTE, RAZ, ROB, ROBB, ROBBE, ROC, ROCH, ROCK, ROCKE, ROCQUE, ROD, RODD, RODGE, ROFFE, ROG, ROGGE, ROHN, ROM, ROMM, RON, RONNE, ROPP, ROSS, ROSS', ROSSE, ROT, ROTT, ROUGH, ROZ, RUB, RUCH, RUCK, RUD, RUDD, RUDGE, RUF, RUFF, RUG, RUGG, RUHL, RUM, RUN, RUNG, RUPP, RUPPE, RUS, RUSCH, RUSCHE, RUSH, RUSS, RUSSE, RUT, RUTT, SAAB, SAAD, SAAL, SAAM, SAAR, SABB, SAC, SACK, SAD, SAG, SAHL, SAHM, SAHR, SAK, SAL, SALM, SALVE, SAM, SAN, SANG, SAP, SAPP, SAR, SAS, SASH, SASS, SASSE, SAT, SCAB, SCAD, SCAFF, SCAM, SCAN, SCAR, SCAT, SCHAAB, SCHAACK, SCHAAD, SCHAADT, SCHAAF, SCHAAL, SCHAAP, SCHAAR, SCHAB, SCHACK, SCHAD, SCHADT, SCHAFF, SCHAPP, SCHAR, SCHARR, SCHLACK, SCHLAG, SCHLANG, SCHLOCK, SCHLOTT, SCHLUP, SCHMAHL, SCHMAL, SCHMOLL, SCHMUCK, SCHMUHL, SCHNACK, SCHNAPP, SCHNARR, SCHOCH, SCHOCK, SCHOLL, SCHON, SCHOPP, SCHOPPE, SCHOTT, SCHRACK, SCHRAG, SCHRAM, SCHRAMM, SCHROCK, SCHRODT, SCHROM, SCHROPP, SCHRUM, SCHRUPP, SCHUCH, SCHUCK, SCHUFF, SCHUG, SCHUM, SCHUMM, SCHUPP, SCHUT, SCHUTT, SCHUTTE, SCHWAB, SCOT, SCOTCH, SCOTT, SCRAGG, SCRAM, SCRAP, SCRATCH, SCROD, SCRUB, SCUD, SCUFF, SCULL, SCUM, SCUTT, SHAAK, SHAATH, SHACK, SHAD, SHADD, SHAFF, SHAG, SHAH'S, SHALL, SHAM, SHAN, SHAP, SHAPP, SHAQ, SHAS, SHATT, SHOCK, SHOD, SHOLL, SHON, SHOP, SHOPPE, SHOT, SHOTT, SHOVE, SHROCK, SHRUB, SHRUG, SHRUM, SHUCK, SHUFF, SHULL, SHUM, SHUN, SHUPP, SHUT, SHUTT, SIANG, SIANG(1), SKAAR, SKAFF, SKLAR, SKOG, SKOK, SKOP, SKOV, SKROCH, SKULL, SKUTT, SLAB, SLACK, SLAG, SLAGHT, SLAM, SLANG, SLAP, SLASH, SLAT, SLAV, SLOB, SLOG, SLOP, SLOSH, SLOT, SLOTT, SLOUGH, SLUDGE, SLUG, SLUM, SLUNG, SLUSH, SLUSS, SLUT, SMACK, SMARR, SMASH, SMOCK, SMOG, SMUCK, SMUDGE, SMUG, SMULL, SMUT, SNACK, SNAG, SNAP, SNAPP, SNARR, SNATCH, SNOB, SNUB, SNUCK, SNUFF, SNUG, SOB, SOCK, SOD, SOHN, SOK, SOL, SOLL, SOM, SOME, SON, SONN, SONNE, SOP, SOPP, SPACK, SPAHN, SPAHR, SPAK, SPAM, SPAN, SPANG, SPANN, SPAR, SPARR, SPAS, SPAT, SPATH, SPAWN, SPAZ, SPHAR, SPLASH, SPLAT, SPOCK, SPOHN, SPOHR, SPOT, SPRAGG, SPRANG, SPRATT, SPROCK, SPROTT, SPRUNG, SPUD, SPUN, SQUAD, SQUASH, SQUAT, SRAM, SROCK, STAAB, STAACK, STAAL, STAAR, STAAS, STAAT, STAB, STAC, STACH, STACK, STAFF, STAG, STAGG, STAHL, STAHR, STAM, STAMM, STAN, STANG, STANN, STAPH, STAPP, STAR, STARR, STASH, STAT, STOBBE, STOCK, STOCKE, STOKKE, STOLLE, STOP, STOTT, STOUGH, STRACK, STRACKE, STRAHL, STRAHM, STRAM, STRANG, STRAP, STRAUM(1), STROCK, STROM, STROMME, STRUB, STRUBBE, STRUCK, STRUM, STRUNG, STRUPP, STRUSS, STRUT, STUB, STUBBE, STUCK, STUCKE, STUD, STUFF, STULL, STUM, STUMM, STUN, STUNG, STUPP, SUAVE, SUB, SUC, SUCH, SUCK, SUDD, SUGG, SUK, SUL, SUM, SUN, SUNG, SUP, SUS, SUSS, SUTCH, SWAB, SWAM, SWAN, SWANN, SWAP, SWAPP, SWAT, SWATCH, SWATH, SWATHE, SWUM, SWUNG, SZOT, SZOTT, SZUCH, T'ANG, TAAFFE, TAB, TABB, TAC, TACK, TACKE, TAD, TADD, TAFF, TAFFE, TAG, TAGG, TAGGE, TAGUE, TAJ, TAK, TAL, TAM, TAMM, TAN, TANG, TANG(1), TANN, TAP, TAPP, TAPPE, TAR, TARR, TASCH, TASH, TASS, TAT, TATSCH, THACH, THAD, THAL, THAM, THAN, THAN(1), THANG, THANH, THAR, THAT, THAT(1), THATCH, THEM(1), THOLL, THOM, THON, THRASH, THROB, THROM, THRUN, THRUSH, THUD, THUG, THUL, THULL, THUM, THUMB, THUMM, THUN, THUS, TIAN, TKACH, TKACZ, TOCK, TOD, TODD, TOLLE, TOM, TON, TONGUE, TONN, TONNE, TOP, TOPP, TOSH, TOT, TOTH, TOUCH, TOUGH, TRAC, TRACK, TRACZ, TRAK, TRAM, TRAN, TRANG, TRAP, TRAPP, TRAPPE, TRASH, TROCHE, TROD, TRON, TROPP, TROSCH, TROT, TROTT, TRUCK, TRUDGE, TRULL, TRUPP, TRUS, TRUSS, TSANG, TSANG(1), TSAR, TSAR(1), TSCHOPP, TSIANG, TUB, TUBB, TUCH, TUCK, TUFF, TUG, TULL, TUNG, TUT, TUTT, TWANG, TWAS, T_A_C(1), UGH, UHDE, UHL, UL, UM, UMM, UN, UNG, UP, UPP, US, UTHE, UTHE(1), UTT, VAAL, VAHL, VAL, VAN, VANG, VANN, VASE(1), VASS, VAT, VATH, VAZ, VLACH, VLAD, VLOK, VOCKE, VOGHT, VOHS, VOIR, VOLL, VOLLE, VOS, VOTH, VYAS, WAACK, WAAG, WAAL, WAAS, WACK, WAD, WAG, WAGG, WAH'S, WAHL, WALK(1), WAN, WANG, WANN, WAS, WAS(1), WASH, WASS, WASS(1), WATCH, WATT, WHACK, WHACK(1), WHAM, WHAM(1), WHAN, WHAN(1), WHANG, WHANG(1), WHAT, WHAT(1), WILL(1), WNUK, WOBBE, WOK, WOLL, WOLLE, WON, WON(1), WOP, WRACK, WRAGG, WRAP, WRATH, WRUCK, WRUNG, WUSS, XAN, XIAN, XUAN, XUS, YA'LL, YACHT, YACK, YAFFE, YAHN, YAHR, YAK, YAM, YAN, YANG, YAP, YAPP, YASS, YOHN, YOM, YON, YOPP, YOTT, YOUN, YOUNG, YUCK, YUK, YUL, YUM, YUN, YUNG, YUP, ZACH, ZACK, ZAG, ZAHM, ZAHN, ZAK, ZALM, ZAN, ZANG, ZAP, ZAPP, ZARR, ZARRE, ZHAN, ZHANG, ZHANG(1), ZOCH, ZOGG, ZOLL, ZUCH, ZUCK, ZUG, ZUK
